Country,pov1981,pov1982,pov1983,pov1984,pov1985,pov1986,pov1987,pov1988,pov1989,pov1990,pov1991,pov1992,pov1993,pov1994,pov1995,pov1996,pov1997,pov1998,pov1999,pov2000,pov2001,pov2002,pov2003,pov2004,pov2005,pov2006,pov2007,pov2008,pov2009,pov2010,pov2011,pov2012,pov2013,pov2014,pov2015,pov2016,pov2017,pov2018,pov2019
Albania,99.91,99.91,99.91,99.91,99.91,99.91,99.91,99.91,99.91,99.91,99.95,99.97,99.95,99.95,99.91,99.91,99.93,99.92,99.88,99.83,99.76,99.62,99.50,99.50,99.43,99.38,99.26,99.02,99.16,99.30,99.46,99.62,99.39,99.13,99.18,99.09,99.22,99.07,98.89
Algeria,98.53,98.57,98.46,98.38,98.26,98.41,98.71,99.03,98.84,99.03,99.32,99.37,99.49,99.61,99.66,99.79,99.88,99.88,99.86,99.85,99.81,99.77,99.74,99.68,99.65,99.64,99.60,99.54,99.48,99.44,99.39,99.31,99.21,99.13,99.06,99.01,99.02,98.99,98.99
Angola,98.31,98.47,98.46,98.32,98.32,98.32,98.32,98.26,98.38,98.72,98.77,98.91,99.43,99.43,99.24,99.14,99.08,99.02,99.04,99.08,99.10,99.10,99.23,99.30,99.26,99.34,99.41,99.57,99.71,99.69,99.68,99.62,99.62,99.60,99.60,99.62,99.63,99.65,99.68
Argentina (Urban),78.98,78.98,76.86,75.88,77.83,75.18,79.04,82.30,86.28,88.69,89.48,87.67,88.14,88.41,88.70,88.65,87.69,88.31,89.31,89.45,90.60,95.01,91.46,90.04,88.67,86.18,85.54,84.49,83.34,82.84,80.76,80.78,80.80,82.86,81.55,81.72,79.84,83.75,84.24
Armenia,96.69,96.50,96.45,96.21,95.97,96.05,96.51,96.86,95.94,96.60,97.33,99.11,99.23,99.11,98.87,98.73,98.48,99.63,99.63,99.65,99.73,99.66,99.58,99.04,98.77,99.68,99.43,99.64,99.83,99.66,99.59,99.32,99.60,98.96,98.59,99.49,98.80,98.27,99.53
Australia,52.35,50.93,50.18,50.60,51.34,50.68,50.68,50.35,49.67,49.78,51.79,53.02,54.12,55.25,55.05,54.12,53.05,51.17,49.03,47.55,46.68,45.96,44.49,38.75,35.28,33.51,28.69,26.34,26.84,25.00,22.69,21.50,21.24,20.24,19.75,19.24,18.99,18.25,18.00
Austria,35.50,32.24,28.49,30.00,28.74,27.74,25.25,25.46,25.59,25.71,26.38,26.30,27.98,28.93,37.75,31.11,30.00,28.49,27.38,25.66,25.20,25.20,24.44,21.72,22.97,22.30,21.69,20.20,19.75,18.34,20.16,19.98,18.16,19.34,19.59,17.17,17.19,17.55,17.44
Azerbaijan,92.64,91.50,91.26,90.42,90.09,89.85,88.82,87.20,90.26,92.84,93.07,96.49,98.92,99.67,99.67,99.60,99.47,99.30,99.12,98.40,98.79,99.03,98.86,98.53,98.26,95.61,93.20,92.37,91.51,94.65,90.66,90.48,86.63,85.97,86.04,87.62,87.95,87.73,87.38
Bangladesh,99.99,99.99,99.99,99.99,99.99,99.99,99.99,99.99,99.99,99.99,99.99,99.98,99.97,99.94,99.92,99.92,99.94,99.95,99.95,99.97,99.96,99.95,99.93,99.92,99.92,99.91,99.90,99.89,99.88,99.88,99.86,99.86,99.85,99.84,99.83,99.83,99.79,99.74,99.71
Belarus,99.99,99.99,99.99,99.99,99.99,99.99,99.99,99.99,99.99,99.99,99.99,99.99,99.99,99.14,98.90,98.65,99.92,99.88,99.94,99.85,99.71,99.62,99.77,99.70,98.99,98.31,96.48,96.53,96.21,93.05,93.99,91.34,87.79,85.90,89.79,91.52,90.16,87.61,85.25
Belgium,62.74,61.00,61.00,60.73,58.00,57.40,56.33,54.47,52.35,49.61,47.49,45.96,43.49,41.15,33.69,33.32,33.48,30.72,29.62,27.24,27.89,28.65,29.39,26.92,25.64,25.65,25.39,23.11,22.52,22.97,24.91,22.58,22.71,22.78,21.97,22.20,20.72,19.24,18.85
Belize,98.40,98.57,98.71,98.71,98.95,98.73,98.42,98.33,98.17,97.50,96.95,95.51,95.55,95.94,90.15,96.53,97.19,96.27,95.47,95.07,94.75,94.35,94.35,94.49,94.88,95.12,95.12,95.53,95.47,95.47,95.12,95.12,94.98,95.12,94.90,94.76,95.12,95.76,95.79
Benin,99.94,99.94,99.96,99.95,99.91,99.94,99.95,99.95,99.96,99.95,99.95,99.95,99.94,99.95,99.94,99.94,99.91,99.91,99.90,99.89,99.89,99.87,99.87,99.87,99.89,99.90,99.89,99.89,99.90,99.91,99.92,99.91,99.90,99.87,99.88,99.88,99.87,99.85,99.81
Bhutan,99.99,99.99,99.99,99.99,99.99,99.99,99.99,99.99,99.99,99.96,99.98,99.94,99.94,99.91,99.91,99.88,99.83,99.82,99.79,99.72,99.82,99.49,99.27,99.27,99.28,99.86,99.47,99.51,99.05,98.45,98.21,98.14,97.97,98.25,96.54,98.65,98.81,97.92,97.32
Bolivia,97.46,97.59,97.93,98.02,97.93,97.82,97.69,97.84,97.84,97.79,97.66,97.59,97.39,97.17,96.85,96.45,94.99,95.31,95.73,96.00,96.29,95.97,96.09,95.07,94.00,93.56,94.45,94.25,94.23,93.68,92.71,92.18,90.51,90.99,91.85,92.39,91.87,92.86,92.55
Bosnia and Herzegovina,99.55,99.55,99.55,99.55,99.55,99.52,99.55,99.56,99.56,99.66,99.73,99.81,99.86,99.84,99.84,99.52,99.16,98.77,98.38,98.05,97.56,94.91,91.89,86.49,85.21,84.17,82.69,82.94,85.04,84.96,84.77,84.59,83.83,82.43,81.08,79.33,78.43,76.84,75.23
Botswana,99.41,99.31,99.18,99.10,99.04,99.00,98.94,98.71,98.57,98.58,98.50,98.62,98.76,98.61,98.11,97.65,96.94,96.86,95.89,95.61,95.52,94.77,94.27,94.37,94.39,93.94,93.68,93.39,94.57,94.45,94.59,94.91,94.83,95.30,96.28,96.71,96.64,96.59,96.51
Brazil,95.44,95.25,96.44,96.47,96.32,90.61,93.40,93.32,91.78,94.20,95.21,97.00,94.54,93.11,91.17,91.23,91.35,91.18,91.87,90.92,90.43,90.35,90.94,91.02,90.60,89.69,89.29,88.50,88.03,87.45,87.01,84.98,84.04,83.13,83.95,83.78,83.96,83.08,82.86
Bulgaria,92.02,90.47,89.75,87.85,87.90,87.06,84.40,80.77,82.43,80.42,95.62,87.82,96.59,97.47,96.65,97.55,99.70,99.63,99.43,99.06,98.34,98.62,99.03,98.99,98.82,98.07,97.95,91.78,91.33,92.26,94.03,93.06,89.77,88.37,88.78,84.61,85.30,79.04,76.70
Burkina Faso,99.96,99.94,99.94,99.96,99.94,99.94,99.94,99.94,99.94,99.94,99.93,99.94,99.94,99.94,99.93,99.90,99.88,99.86,99.84,99.86,99.87,99.89,99.92,99.92,99.91,99.91,99.90,99.90,99.90,99.90,99.91,99.91,99.92,99.92,99.92,99.92,99.91,99.90,99.89
Burundi,99.99,99.99,99.99,99.99,99.99,99.99,99.99,99.99,99.99,99.99,99.99,99.99,99.99,99.99,99.99,99.99,99.99,99.99,99.99,99.99,99.99,99.99,99.99,99.99,99.99,99.99,99.99,99.99,99.99,99.99,99.99,99.98,99.98,99.98,99.98,99.98,99.98,99.99,99.99
Cameroon,99.35,99.26,99.21,99.11,99.04,98.97,99.05,99.33,99.44,99.48,99.61,99.69,99.83,99.83,99.83,99.77,99.68,99.61,99.53,99.52,99.49,99.54,99.57,99.57,99.63,99.66,99.71,99.68,99.69,99.67,99.63,99.55,99.40,99.27,99.18,99.15,99.14,99.12,99.09
Canada,38.49,41.62,41.21,37.62,36.15,35.33,34.49,32.74,31.50,31.68,33.24,33.41,33.33,32.75,32.75,32.66,32.74,32.25,32.12,31.99,31.56,30.00,29.12,28.25,26.83,24.99,23.50,22.83,23.07,21.99,22.00,22.23,21.25,20.00,20.75,19.75,19.24,19.00,18.75
Cape Verde,99.77,99.77,99.70,99.69,99.60,99.58,99.55,99.52,99.48,99.49,99.50,99.38,99.38,99.22,98.94,98.65,98.37,98.03,97.63,97.29,97.29,97.20,97.20,97.20,97.23,97.21,97.01,96.82,96.80,96.81,96.81,96.83,96.86,96.93,96.99,96.63,96.40,96.12,95.60
Central African Republic,99.96,99.94,99.99,99.97,99.96,99.95,99.99,99.99,99.99,99.99,99.99,99.99,99.98,99.98,99.93,99.91,99.93,99.66,99.82,99.80,99.83,99.64,99.73,99.70,99.67,99.80,99.60,99.57,99.57,99.52,99.50,99.47,99.75,99.75,99.71,99.71,99.62,99.60,99.60
Chad,99.98,99.98,99.98,99.98,99.97,99.97,99.98,99.97,99.97,99.97,99.97,99.97,99.98,99.98,99.98,99.98,99.98,99.97,99.98,99.98,99.97,99.97,99.97,99.91,99.89,99.90,99.90,99.90,99.90,99.88,99.89,99.88,99.86,99.86,99.86,99.89,99.90,99.90,99.90
Chile,91.87,93.67,94.28,94.35,94.59,94.28,93.81,93.18,92.21,92.15,92.46,92.56,91.77,90.57,89.92,89.24,88.53,88.03,89.85,90.83,91.11,91.36,91.21,90.75,90.24,89.59,88.69,88.24,88.65,87.79,87.08,84.61,82.66,81.92,81.42,80.13,78.19,77.32,77.37
China,99.99,99.99,99.99,99.99,99.99,99.99,99.99,99.99,99.98,99.98,99.98,99.98,99.98,99.99,99.99,99.99,99.99,99.99,99.99,99.93,99.86,99.76,99.74,99.69,99.58,99.42,99.19,98.96,98.71,98.37,98.16,97.71,97.15,96.65,96.12,95.28,94.05,92.74,91.58
China (Rural),99.99,99.99,99.99,99.99,99.99,99.99,99.99,99.99,99.97,99.97,99.97,99.98,99.98,99.98,99.99,99.99,99.99,99.99,99.98,99.94,99.91,99.87,99.89,99.90,99.90,99.82,99.73,99.64,99.56,99.46,99.46,99.27,99.46,99.35,99.23,98.83,98.49,98.12,97.80
China (Urban),99.99,99.99,99.99,99.99,99.99,99.99,99.99,99.99,99.99,99.99,99.99,99.99,99.99,99.99,99.99,99.99,99.99,99.99,99.99,99.91,99.78,99.59,99.50,99.37,99.16,98.91,98.53,98.17,97.79,97.25,96.88,96.26,95.09,94.38,93.63,92.57,90.84,89.02,87.49
Colombia,95.22,95.27,95.35,95.29,95.35,95.27,95.17,95.06,94.93,94.92,94.93,94.82,94.76,94.83,95.03,95.61,95.37,95.57,95.75,94.91,96.24,94.82,95.07,94.79,94.39,93.90,93.29,92.97,93.14,92.16,91.73,91.65,90.95,90.33,90.79,91.24,91.34,91.02,90.84
Comoros,95.98,95.75,95.58,95.58,95.58,95.66,95.70,95.75,96.13,96.02,96.35,96.16,96.16,96.39,96.39,96.59,96.49,96.61,96.61,96.35,96.35,96.35,96.35,96.35,96.62,96.88,97.21,97.41,97.66,97.85,98.08,98.34,98.58,98.86,98.88,98.86,98.86,98.84,98.84
Congo,99.79,99.65,99.65,99.65,99.65,99.74,99.74,99.76,99.76,99.78,99.78,99.78,99.79,99.82,99.82,99.80,99.83,99.82,99.86,99.83,99.83,99.82,99.83,99.83,99.80,99.73,99.79,99.72,99.68,99.52,99.47,99.37,99.40,99.37,99.47,99.62,99.65,99.69,99.69
Costa Rica,99.29,99.75,99.77,99.79,99.89,99.99,99.52,99.24,97.12,96.56,97.39,96.98,95.23,93.77,94.61,94.64,94.49,92.42,92.57,92.70,87.41,87.25,86.86,88.70,87.67,87.21,85.20,84.64,82.67,82.47,81.09,80.00,78.62,79.25,79.10,78.23,77.86,77.92,78.06
Cote d'Ivoire,95.86,96.20,96.89,97.43,97.43,98.42,98.54,99.37,99.53,99.72,99.80,99.85,99.79,99.60,99.42,99.55,99.68,99.80,99.74,99.71,99.69,99.69,99.73,99.74,99.75,99.76,99.78,99.78,99.79,99.80,99.85,99.82,99.76,99.76,99.79,99.76,99.73,99.70,99.66
Croatia,89.33,89.50,90.28,89.55,89.65,88.64,88.80,89.26,89.92,92.38,96.88,97.96,98.40,97.70,96.67,95.51,94.20,52.30,93.22,87.50,88.96,79.52,73.15,66.92,67.41,69.93,70.25,71.66,71.88,80.09,86.59,88.15,89.61,88.21,86.29,83.20,80.46,76.56,74.25
Cyprus,96.31,94.90,93.66,93.05,91.79,91.60,90.68,87.23,85.13,82.51,78.95,78.55,82.40,80.17,65.85,64.36,63.43,58.51,56.38,51.15,47.75,46.09,44.00,39.09,35.78,29.04,30.44,31.03,32.38,28.87,31.33,38.53,45.18,46.47,43.90,40.52,36.19,33.19,32.04
Czechia,97.00,97.00,97.00,96.50,96.25,95.75,95.50,95.25,94.75,93.99,97.50,96.75,92.67,92.07,91.20,89.50,88.62,88.58,87.62,87.08,85.77,84.75,82.78,81.39,80.21,76.54,73.40,72.13,69.86,69.84,69.71,71.29,71.26,68.68,65.19,62.02,59.09,54.55,52.22
Democratic Republic of Congo,99.97,99.98,99.98,99.97,99.98,99.97,99.97,99.98,99.98,99.99,99.99,99.99,99.99,99.99,99.99,99.99,99.99,99.99,99.99,99.99,99.99,99.99,99.99,99.99,99.99,99.99,99.99,99.99,99.99,99.99,99.99,99.98,99.98,99.98,99.98,99.98,99.98,99.98,99.98
Denmark,41.25,39.74,37.75,34.24,30.74,25.24,26.75,28.45,28.39,28.09,26.90,25.24,26.83,22.50,21.75,20.35,18.45,17.50,17.90,18.25,20.01,21.17,22.41,19.49,19.33,18.13,16.38,16.78,17.11,16.21,16.54,16.70,15.97,14.78,13.93,14.35,14.12,12.88,12.62
Djibouti,97.31,97.41,97.55,97.59,97.74,98.01,98.18,98.20,98.51,98.75,98.96,99.00,99.22,99.30,99.37,99.47,99.50,99.53,99.53,99.57,99.58,99.57,99.55,99.53,99.45,99.37,99.31,99.24,99.22,99.17,99.07,99.02,99.06,99.11,99.15,99.18,99.21,99.12,99.05
Dominican Republic,92.27,91.95,91.86,91.82,92.42,92.09,92.85,94.69,97.15,97.50,97.21,96.18,95.34,95.17,93.99,93.05,92.50,92.17,91.45,91.05,91.36,91.90,93.45,94.82,93.48,92.04,92.92,93.79,92.34,92.46,92.97,93.56,92.54,91.90,90.43,89.34,91.61,90.77,89.75
East Asia and Pacific,99.87,99.87,99.87,99.87,99.87,99.87,99.87,99.87,99.85,99.82,99.80,99.76,99.77,99.77,99.75,99.71,99.69,99.73,99.72,99.69,99.63,99.53,99.49,99.41,99.29,99.15,98.97,98.77,98.57,98.22,98.00,97.60,97.16,96.78,96.31,95.69,94.80,93.82,93.00
Ecuador,96.73,96.61,97.13,97.16,97.03,97.17,96.88,97.21,97.38,97.17,97.13,97.17,97.16,97.01,96.79,96.79,96.49,96.24,96.92,97.88,97.12,96.25,95.88,96.27,94.59,94.24,93.50,93.71,94.50,93.26,92.97,91.96,91.70,91.69,91.51,91.96,91.45,90.99,91.76
Egypt,99.86,99.87,99.84,99.81,99.80,99.79,99.78,99.77,99.75,99.74,99.73,99.73,99.74,99.73,99.74,99.73,99.70,99.67,99.62,99.58,99.59,99.62,99.64,99.66,99.66,99.66,99.65,99.65,99.64,99.63,99.66,99.71,99.68,99.50,99.38,99.45,99.54,99.64,99.64
El Salvador,97.70,98.25,98.26,98.19,98.16,98.25,98.28,98.28,98.26,97.20,97.46,97.29,97.19,96.95,96.85,96.92,96.51,96.19,96.07,95.26,95.46,96.16,96.36,96.45,96.38,96.56,96.21,96.15,96.49,96.84,97.26,97.13,96.60,96.59,96.69,96.92,97.22,96.36,95.23
Estonia,92.59,92.09,91.59,91.24,91.38,90.99,90.95,90.00,88.52,90.52,92.72,94.84,95.69,95.62,99.64,98.27,96.54,95.61,96.25,96.48,96.76,96.54,96.56,95.31,87.83,82.95,74.29,73.81,77.02,79.32,77.80,75.14,70.77,66.40,61.07,55.85,51.92,47.87,46.44
Eswatini,99.99,99.99,99.99,99.99,99.99,99.99,99.99,99.99,99.99,99.99,99.99,99.99,99.99,99.99,99.99,99.96,99.83,99.68,99.44,99.35,99.24,99.27,99.30,99.32,99.29,99.32,99.34,99.38,99.39,99.20,99.08,98.66,98.27,98.21,97.99,97.94,97.92,97.84,97.79
Ethiopia,99.60,99.61,99.58,99.61,99.70,99.67,99.61,99.61,99.66,99.66,99.72,99.80,99.76,99.76,99.72,99.74,99.80,99.88,99.93,99.96,99.96,99.96,99.96,99.95,99.94,99.94,99.94,99.94,99.94,99.94,99.93,99.93,99.92,99.92,99.91,99.90,99.87,99.86,99.83
Europe and Central Asia,,,,,,,,,,93.63,94.91,96.09,97.12,97.08,96.66,96.90,97.32,97.05,98.03,97.76,97.55,97.08,95.88,95.11,94.33,93.43,92.04,90.71,91.21,90.38,89.79,89.26,88.62,88.49,88.99,88.58,87.86,87.21,86.19
Fiji,98.89,99.18,99.33,99.18,99.34,99.18,99.36,99.34,99.18,99.02,99.14,99.02,98.97,98.85,98.83,98.67,98.82,98.81,98.52,98.55,98.53,98.30,98.20,97.87,97.73,97.51,97.59,97.49,97.69,97.75,97.80,97.94,97.87,97.57,97.24,97.12,96.91,96.66,96.71
Finland,72.49,68.50,66.50,63.99,60.49,56.50,52.00,44.68,38.87,38.50,41.00,47.99,53.12,53.00,50.49,47.60,44.79,41.34,39.04,38.24,36.98,35.99,33.56,30.24,27.33,27.10,24.38,22.69,20.95,20.46,19.52,19.06,19.83,19.52,19.08,18.57,17.79,16.95,16.63
France,55.49,55.50,55.62,55.75,54.95,53.99,53.24,52.25,51.50,45.04,45.10,43.55,45.19,42.00,41.79,41.58,41.37,40.91,40.71,40.50,38.70,37.08,36.20,34.25,33.75,34.46,24.09,24.53,23.61,24.58,23.46,23.73,23.91,23.19,22.54,21.19,21.86,20.73,20.11
Gabon,97.29,97.59,97.42,97.19,97.45,97.63,98.54,98.24,97.84,97.75,97.67,97.87,97.80,97.78,97.69,97.68,97.59,97.53,98.13,98.30,98.31,98.42,98.44,98.47,98.47,98.61,98.38,98.58,98.68,98.43,98.22,98.10,97.88,97.71,97.59,97.61,97.73,97.86,97.75
Gambia,99.94,99.94,99.94,99.94,99.94,99.94,99.94,99.94,99.94,99.94,99.94,99.94,99.94,99.95,99.95,99.95,99.95,99.95,99.80,99.70,99.79,99.86,99.74,99.65,99.64,99.65,99.62,99.57,99.70,99.44,99.54,99.53,99.52,99.58,99.58,99.59,99.57,99.51,99.44
Georgia,68.38,67.72,65.75,63.06,60.61,66.37,66.10,63.43,68.06,76.64,86.45,97.08,98.98,99.27,99.08,98.55,99.51,99.56,99.62,99.65,99.67,99.56,99.69,99.72,99.55,99.65,99.52,99.36,99.46,99.33,99.35,99.20,98.91,99.04,98.87,98.83,98.45,98.87,99.01
Germany,48.25,48.74,47.74,46.22,44.99,41.99,38.99,37.25,35.97,33.74,31.24,30.57,29.91,29.24,28.00,27.06,26.58,26.00,24.37,23.49,24.75,23.49,22.96,23.19,25.50,23.92,22.99,23.25,22.49,22.24,22.22,23.25,23.00,22.23,22.25,21.99,21.48,20.45,19.99
Ghana,99.92,99.94,99.95,99.94,99.94,99.93,99.93,99.96,99.99,99.98,99.97,99.96,99.95,99.95,99.95,99.95,99.95,99.94,99.92,99.90,99.88,99.85,99.82,99.79,99.68,99.48,99.48,99.40,99.40,99.36,99.21,99.11,99.01,98.96,98.92,98.86,98.73,98.59,98.41
Greece,84.21,83.47,82.73,82.97,82.73,83.47,82.48,81.00,77.99,76.98,76.24,75.75,76.24,75.75,74.75,74.15,72.70,70.34,68.79,67.74,65.17,61.38,57.99,55.61,55.30,54.79,51.53,50.87,49.32,59.01,70.71,79.13,81.05,80.89,80.34,79.86,79.81,77.47,77.07
Guatemala,99.14,99.24,99.30,99.33,99.37,99.40,99.15,98.45,98.19,98.13,98.23,97.98,97.78,97.45,97.01,97.07,96.87,96.52,95.28,94.21,94.23,94.24,94.22,94.23,94.22,94.10,94.32,94.48,95.25,95.54,95.90,96.37,96.76,97.18,96.90,96.74,96.69,96.62,96.48
Guinea,99.99,99.99,99.99,99.99,99.99,99.99,99.99,99.99,99.99,99.99,99.99,99.99,99.94,99.81,99.82,99.83,99.83,99.84,99.86,99.89,99.91,99.93,99.94,99.95,99.96,99.97,99.98,99.98,99.96,99.98,99.94,99.93,99.93,99.93,99.93,99.93,99.90,99.89,99.87
Guinea-Bissau,,,,,,,,,,,,99.64,99.64,99.67,99.69,99.70,99.72,99.92,99.91,99.92,99.93,99.98,99.99,99.99,99.99,99.99,99.99,99.99,99.99,99.99,99.99,99.99,99.99,99.99,99.99,99.99,99.99,99.99,99.99
Guyana,99.99,99.99,99.99,99.99,99.99,99.99,99.99,99.99,99.99,99.99,99.99,99.99,99.93,99.69,99.45,98.95,98.28,97.93,97.80,97.86,97.77,97.69,97.70,97.64,97.77,97.45,97.08,96.86,96.54,96.36,95.81,95.37,95.18,94.98,94.94,94.66,94.08,93.59,92.93
Haiti,98.63,98.76,98.76,98.78,98.80,98.82,98.92,99.62,99.70,99.65,99.72,99.75,99.72,99.81,99.70,99.60,99.60,99.60,99.53,99.42,99.43,99.40,99.38,99.38,99.34,99.31,99.27,99.25,99.15,99.22,99.11,99.59,99.58,99.59,99.58,99.55,99.50,99.50,99.50
Honduras,99.01,99.11,99.15,99.09,99.04,99.00,98.92,98.95,98.95,99.10,99.04,98.64,98.08,97.83,98.05,98.37,97.85,97.09,97.72,96.14,96.12,96.92,96.99,96.84,95.85,95.82,95.25,95.36,95.73,95.53,95.94,96.76,97.15,96.57,96.78,96.51,96.76,97.14,97.16
Hungary,94.08,93.22,92.92,91.89,91.84,91.10,89.11,93.96,98.95,92.04,88.97,91.76,94.93,90.19,92.79,93.99,94.38,97.78,97.73,97.61,95.81,95.55,91.96,91.15,90.33,91.15,89.89,87.56,89.42,87.12,87.41,88.51,86.66,85.34,83.05,80.40,77.13,73.16,69.99
Iceland,56.39,55.62,59.00,56.24,53.76,48.72,41.45,43.22,44.34,45.35,43.42,48.08,53.34,51.66,50.27,45.93,40.38,31.15,25.53,23.44,26.73,28.40,24.02,24.08,23.60,16.20,13.46,13.45,20.34,24.14,26.12,24.36,21.40,20.64,15.80,12.25,9.90,9.27,9.42
India,99.99,99.99,99.99,99.99,99.98,99.97,99.96,99.95,99.95,99.95,99.95,99.95,99.95,99.95,99.94,99.94,99.93,99.93,99.92,99.91,99.90,99.90,99.89,99.88,99.87,99.87,99.86,99.86,99.86,99.82,99.75,99.73,99.71,99.68,99.66,99.62,99.58,,
India (Rural),99.99,99.99,99.99,99.99,99.99,99.98,99.98,99.97,99.97,99.97,99.96,99.96,99.96,99.96,99.95,99.95,99.95,99.95,99.94,99.94,99.94,99.94,99.93,99.93,99.93,99.92,99.92,99.92,99.92,99.90,99.86,99.86,99.85,99.84,99.82,99.80,99.79,,
India (Urban),99.95,99.98,99.99,99.98,99.95,99.93,99.90,99.88,99.88,99.89,99.90,99.91,99.92,99.92,99.91,99.89,99.89,99.88,99.85,99.83,99.82,99.80,99.77,99.76,99.74,99.73,99.72,99.72,99.72,99.65,99.50,99.44,99.42,99.36,99.32,99.26,99.18,,
Indonesia,99.99,99.99,99.99,99.99,99.99,99.99,99.99,99.99,99.99,99.99,99.99,99.98,99.97,99.96,99.93,99.90,99.92,99.97,99.94,99.97,99.97,99.94,99.94,99.88,99.85,99.89,99.79,99.80,99.78,99.72,99.41,99.34,99.23,99.12,98.82,98.87,99.03,98.94,99.06
Indonesia (Rural),99.99,99.99,99.99,99.99,99.99,99.99,99.99,99.99,99.99,99.99,99.99,99.99,99.99,99.99,99.99,99.98,99.99,99.99,99.99,99.99,99.99,99.99,99.99,99.99,99.96,99.98,99.94,99.95,99.92,99.90,99.80,99.81,99.83,99.77,99.62,99.76,99.76,99.66,99.68
Indonesia (Urban),99.99,99.99,99.99,99.99,99.99,99.99,99.99,99.99,99.99,99.99,99.97,99.95,99.92,99.89,99.83,99.76,99.82,99.94,99.87,99.94,99.94,99.88,99.86,99.74,99.73,99.78,99.62,99.64,99.64,99.55,99.03,98.89,98.68,98.54,98.12,98.11,98.43,98.35,98.58
Iran,96.78,96.86,96.66,95.97,95.87,96.05,96.59,96.94,97.08,97.23,96.67,96.41,96.30,96.23,96.36,96.65,96.17,95.23,95.02,95.16,93.98,93.23,91.57,91.49,88.05,87.01,85.30,87.49,88.24,88.13,88.20,89.79,91.28,91.35,91.20,90.85,89.35,89.48,91.06
Iraq,99.93,99.93,99.97,99.97,99.97,99.97,99.96,99.97,99.97,99.80,99.99,99.99,99.98,99.98,99.98,99.98,99.96,99.84,99.73,99.75,99.76,99.84,99.98,99.85,99.84,99.78,99.79,99.78,99.79,99.79,99.78,99.78,99.73,99.77,99.78,99.65,99.69,99.74,99.71
Ireland,86.23,89.24,89.24,88.50,87.24,86.45,84.93,81.84,77.55,76.56,75.80,74.27,72.31,69.49,67.97,64.41,61.11,57.60,51.80,46.75,42.11,38.49,37.09,35.44,32.22,26.96,26.58,30.81,32.87,34.82,37.17,37.88,37.46,32.88,30.85,27.92,21.50,20.65,19.97
Israel,83.99,82.53,80.96,85.41,86.85,83.50,80.90,79.41,80.23,79.07,78.78,76.73,76.25,75.65,75.09,74.79,74.74,72.92,72.00,68.68,67.75,68.25,69.23,67.74,67.24,65.99,63.24,62.99,63.23,61.24,59.12,57.74,55.49,53.00,52.35,50.49,49.75,48.73,47.74
Italy,73.73,73.24,73.24,71.46,69.50,66.49,61.74,57.75,53.75,53.12,52.49,52.87,56.25,56.87,57.48,57.40,55.74,53.73,53.00,52.00,39.61,43.42,39.09,36.66,36.65,35.49,34.23,36.42,35.35,36.54,38.45,40.95,41.95,41.58,40.19,39.41,38.48,37.93,37.41
Jamaica,97.87,97.85,97.84,97.98,98.16,98.12,97.82,97.66,97.71,97.96,98.43,99.04,99.63,98.93,98.10,97.43,96.47,95.66,94.60,94.36,93.84,92.97,93.21,93.68,93.64,93.26,93.05,93.46,94.04,94.20,94.09,94.20,94.20,94.20,94.09,94.09,94.09,93.74,93.74
Japan,75.24,73.00,71.25,69.48,67.49,65.73,63.25,59.49,56.50,53.74,52.49,50.98,50.23,48.73,47.25,45.99,45.73,46.24,45.73,44.97,43.98,43.74,43.50,42.74,42.24,41.50,40.98,41.71,35.74,27.74,29.56,30.07,30.22,30.48,30.48,30.68,29.72,29.47,25.23
Jordan,96.31,95.57,95.73,95.13,94.93,96.09,95.79,96.46,96.93,97.56,98.42,97.39,97.90,98.19,98.49,98.49,98.56,98.40,98.39,97.80,97.53,97.72,97.95,97.67,97.49,97.61,97.54,97.58,96.96,96.81,96.37,95.91,95.48,96.17,96.13,96.40,95.97,96.16,96.29
Kazakhstan,99.99,99.99,99.99,99.99,99.99,99.99,99.99,99.99,99.99,99.99,99.99,99.99,99.99,99.99,99.66,99.71,99.69,99.72,99.69,99.72,99.71,99.63,99.65,99.61,98.81,99.14,98.71,98.84,99.08,98.81,97.83,97.57,97.30,97.66,98.13,98.40,97.77,96.91,96.35
Kenya,99.29,99.35,99.41,99.45,99.44,99.37,99.32,99.26,99.23,99.21,99.26,99.36,99.76,99.70,99.59,99.45,99.45,99.47,99.49,99.53,99.54,99.58,99.60,99.60,99.62,99.64,99.65,99.68,99.70,99.72,99.74,99.75,99.78,99.80,99.82,99.83,99.83,99.82,99.80
Kiribati,99.01,98.95,98.97,98.94,99.05,99.21,99.56,99.32,99.56,99.61,99.61,99.61,99.61,99.61,99.68,99.68,99.68,99.58,99.61,99.58,99.61,99.58,99.58,99.61,99.58,99.61,99.61,99.68,99.68,99.73,99.73,99.68,99.68,99.68,99.58,99.52,99.52,99.52,99.52
Kosovo,,,,,,,,,,,,,,,,,,,,99.99,99.99,99.99,99.98,99.99,99.99,99.99,99.99,99.93,99.93,99.86,99.99,99.57,99.66,99.70,99.70,99.59,98.91,98.84,98.81
Kyrgyzstan,97.87,97.88,97.76,97.78,97.99,98.33,98.12,97.67,97.64,97.44,96.79,97.49,98.00,98.85,99.47,99.36,99.61,99.34,99.99,99.99,99.99,99.99,99.99,99.73,99.93,99.41,99.77,99.57,99.73,99.75,99.81,99.84,99.87,99.82,99.64,99.89,99.76,99.73,99.25
Laos,99.93,99.93,99.93,99.93,99.93,99.93,99.93,99.93,99.93,99.93,99.93,99.93,99.94,99.92,99.94,99.95,99.96,99.95,99.94,99.89,99.91,99.92,99.92,99.91,99.88,99.87,99.86,99.82,99.82,99.81,99.81,99.80,99.73,99.69,99.61,99.54,99.41,99.37,99.28
Latin America and the Caribbean,93.76,93.91,94.49,94.46,94.44,92.08,93.16,93.44,93.22,94.33,94.81,95.39,94.52,93.93,93.63,93.78,93.56,93.36,93.62,93.11,93.06,93.32,93.34,93.20,92.74,91.84,91.42,91.01,91.01,90.63,90.01,89.03,88.59,88.49,88.34,88.08,88.01,87.88,87.83
Latvia,96.14,95.91,95.72,95.38,95.83,95.54,95.73,95.16,94.22,94.03,96.34,99.65,99.99,99.21,98.39,98.60,98.40,98.06,97.63,97.31,96.60,95.64,92.08,93.71,92.30,88.38,83.11,83.69,90.59,89.48,88.45,87.33,83.66,80.62,77.28,73.80,69.96,65.65,63.79
Lebanon,94.83,98.40,97.65,93.14,86.77,88.71,83.35,94.48,98.43,97.94,95.69,86.07,81.90,83.36,83.19,82.73,84.27,84.04,84.22,84.78,84.07,85.00,86.07,84.88,87.78,87.18,84.01,79.82,74.53,71.57,76.09,74.42,76.20,76.84,77.88,78.86,79.31,80.45,83.29
Lesotho,99.35,99.33,99.34,99.30,99.29,99.26,99.28,99.18,99.13,99.05,98.96,98.91,98.84,98.76,98.80,98.86,98.95,99.12,99.30,99.42,99.55,99.74,99.86,99.85,99.84,99.82,99.79,99.72,99.72,99.72,99.68,99.57,99.56,99.53,99.52,99.52,99.55,99.55,99.57
Liberia,98.21,98.28,98.62,98.80,99.13,99.25,99.26,99.28,99.28,99.90,99.91,99.98,99.99,99.99,99.99,99.99,99.99,99.98,99.98,99.96,99.98,99.96,99.99,99.99,99.99,99.98,99.98,99.98,99.98,99.99,99.98,99.99,99.99,99.99,99.96,99.93,99.93,99.93,99.96
Lithuania,98.81,98.70,98.69,98.67,98.79,98.70,98.66,98.42,98.46,98.67,98.85,99.34,99.55,99.62,99.53,97.79,97.75,97.68,97.73,98.26,98.16,98.27,93.53,93.44,92.29,88.43,81.99,87.73,85.21,89.60,87.00,84.62,82.42,78.58,74.42,71.88,66.91,61.31,58.81
Luxembourg,48.94,48.69,48.44,47.23,44.95,40.27,35.12,28.70,24.95,22.41,18.46,18.43,17.05,13.95,13.47,14.56,15.48,15.14,13.66,12.74,11.88,10.36,10.00,9.43,8.60,9.46,9.01,10.36,9.53,8.83,12.60,12.93,12.41,10.42,13.99,10.18,13.07,12.74,12.51
Madagascar,99.73,99.75,99.75,99.74,99.74,99.73,99.72,99.71,99.70,99.68,99.73,99.72,99.71,99.77,99.84,99.91,99.97,99.98,99.99,99.99,99.98,99.98,99.97,99.96,99.94,99.92,99.92,99.92,99.94,99.95,99.97,99.99,99.99,99.99,99.99,99.99,99.99,99.99,99.99
Malawi,99.57,99.57,99.57,99.55,99.55,99.57,99.59,99.61,99.64,99.62,99.57,99.64,99.57,99.66,99.57,99.55,99.53,99.53,99.59,99.61,99.76,99.82,99.88,99.93,99.93,99.92,99.91,99.89,99.88,99.86,99.85,99.87,99.88,99.89,99.90,99.92,99.92,99.92,99.91
Malaysia,94.27,94.17,94.08,93.63,93.65,94.00,93.97,94.13,94.35,93.51,92.78,92.37,92.31,92.15,91.91,89.14,87.92,90.84,91.12,89.66,89.88,89.89,89.04,88.31,87.60,87.16,86.42,85.43,85.30,83.38,79.68,77.58,75.39,73.42,71.59,69.79,67.23,64.16,61.09
Maldives,99.68,99.68,99.68,99.68,99.68,99.68,99.68,99.68,99.68,99.68,99.68,99.68,99.68,99.68,99.60,99.59,99.51,99.51,99.51,99.51,99.51,99.51,99.09,98.98,99.30,98.56,98.23,98.02,98.05,97.58,94.43,96.39,93.98,90.64,92.99,91.13,90.21,88.92,87.39
Mali,99.96,99.97,99.97,99.97,99.96,99.96,99.96,99.95,99.94,99.96,99.94,99.95,99.95,99.94,99.95,99.96,99.96,99.96,99.97,99.99,99.98,99.99,99.96,99.97,99.98,99.99,99.99,99.99,99.99,99.99,99.99,99.99,99.99,99.99,99.99,99.99,99.99,99.99,99.99
Malta,94.54,94.54,95.00,94.93,94.67,94.08,93.38,91.37,89.44,87.54,85.78,83.98,82.13,79.73,76.32,74.64,70.93,67.39,64.43,60.02,61.43,60.10,57.20,57.68,55.50,54.03,47.43,46.67,49.10,46.59,44.60,41.83,37.42,33.89,34.30,30.19,29.18,27.12,26.08
Mauritania,99.99,99.99,99.99,99.99,99.99,99.99,99.99,99.99,99.99,99.99,99.99,99.99,99.99,99.96,99.92,99.82,99.87,99.87,99.86,99.89,99.82,99.74,99.61,99.50,99.55,99.46,99.70,99.87,99.87,99.86,99.84,99.82,99.83,99.77,99.75,99.76,99.75,99.76,99.74
Mauritius,99.84,99.83,99.83,99.80,99.77,99.70,99.67,99.58,99.54,99.40,99.34,99.24,99.11,99.05,98.96,98.84,98.70,98.47,98.42,98.03,97.86,97.83,97.40,97.15,97.02,96.65,96.37,96.06,95.81,95.49,95.25,95.02,94.78,94.62,94.42,94.12,93.84,93.30,92.87
Mexico,95.35,95.68,96.23,96.18,95.52,95.21,94.91,94.31,93.24,93.43,93.70,94.20,94.21,93.76,95.70,96.83,96.56,96.30,95.52,94.51,94.36,94.57,94.64,94.08,94.09,93.18,93.16,93.32,94.23,94.21,93.19,92.69,93.30,93.86,93.50,92.68,92.75,92.86,92.91
Micronesia (country),,,,,,99.12,99.14,99.14,99.12,99.09,99.02,98.98,98.71,98.88,98.60,98.79,99.05,98.97,98.88,98.60,98.46,98.45,98.36,98.49,98.36,98.47,98.64,99.19,98.74,99.01,99.11,99.34,99.60,99.64,99.60,99.60,99.59,99.60,99.59
Middle East and North Africa,,,,,98.30,98.39,98.48,98.73,98.80,98.83,98.69,98.49,98.43,98.42,98.48,98.53,98.47,98.19,98.12,98.13,97.82,97.64,97.27,97.18,96.39,96.09,95.64,96.04,96.08,95.98,96.08,96.44,96.78,96.77,96.74,96.69,96.39,96.46,
Moldova,95.44,94.86,94.30,94.17,95.64,94.99,95.03,95.13,94.39,95.05,97.33,99.26,99.27,99.74,99.88,99.77,99.76,99.80,99.57,99.95,99.87,99.83,99.61,99.58,99.70,98.65,98.25,98.53,98.91,98.72,98.88,99.03,98.98,99.35,99.08,99.32,99.33,99.02,98.80
Mongolia,99.99,99.99,99.99,99.99,99.99,99.99,99.99,99.99,99.99,99.99,99.99,99.99,99.99,99.99,99.99,99.99,99.99,99.99,99.99,99.98,99.94,99.87,99.81,99.70,99.53,99.27,98.91,98.66,99.02,99.10,98.66,97.67,97.63,97.76,97.91,98.79,98.69,98.49,98.03
Montenegro,91.33,90.82,91.33,90.63,90.74,89.92,91.33,92.08,92.20,94.02,95.48,98.60,99.75,99.68,99.48,98.39,97.37,97.19,97.98,97.50,97.40,97.31,97.24,97.01,96.55,96.63,92.84,91.26,91.67,96.16,94.69,95.02,94.21,93.47,93.25,91.45,90.37,89.06,88.35
Morocco,99.58,99.53,99.46,99.43,99.40,99.22,99.20,99.01,98.93,98.88,98.62,98.75,98.87,98.66,98.94,98.58,98.91,98.87,98.89,98.85,98.82,98.71,98.50,98.32,98.18,97.75,97.58,97.25,97.02,96.86,96.58,96.33,96.19,96.05,96.00,95.85,95.66,95.42,95.23
Mozambique,99.91,99.93,99.95,99.96,99.96,99.96,99.95,99.93,99.93,99.93,99.93,99.93,99.93,99.93,99.93,99.92,99.91,99.89,99.88,99.88,99.86,99.85,99.84,99.83,99.83,99.82,99.81,99.80,99.79,99.75,99.70,99.63,99.56,99.49,99.44,99.43,99.43,99.42,99.43
Myanmar,99.93,99.93,99.93,99.93,99.93,99.93,99.93,99.93,99.93,99.93,99.93,99.93,99.93,99.93,99.93,99.92,99.92,99.89,99.89,99.89,99.89,99.79,99.79,99.73,99.73,99.73,99.71,99.71,99.62,99.55,99.55,99.54,99.48,99.45,99.35,99.46,99.56,99.48,99.46
Namibia,95.76,95.91,96.13,96.28,96.41,96.35,96.36,96.50,96.59,96.65,96.42,96.21,96.41,96.44,96.36,96.31,96.21,96.14,96.45,96.35,96.35,96.15,96.03,95.50,95.59,95.50,95.45,95.53,95.73,95.45,95.00,94.42,93.72,93.01,92.58,92.67,92.90,92.98,93.22
Nauru,,,,,,,,,,,,,,,,,,,,,,,,99.99,99.99,99.99,99.99,99.99,99.83,99.83,99.30,99.30,98.98,97.51,97.51,97.51,97.80,97.51,97.51
Nepal,99.99,99.99,99.99,99.99,99.99,99.99,99.99,99.99,99.99,99.97,99.97,99.97,99.97,99.95,99.95,99.94,99.92,99.90,99.89,99.86,99.76,99.81,99.68,99.70,99.69,99.70,99.75,99.81,99.86,99.91,99.92,99.84,99.81,99.81,99.78,99.80,99.78,99.77,99.75
Netherlands,57.00,58.74,58.00,57.72,56.48,53.18,50.72,49.83,44.41,37.49,37.98,39.73,41.48,40.73,39.32,36.60,34.48,31.35,28.25,28.13,28.07,26.94,28.40,28.53,26.47,23.05,19.92,19.50,20.33,20.26,20.20,20.82,22.73,21.94,17.89,16.48,16.62,16.21,15.60
Nicaragua,97.25,97.94,98.22,98.55,98.87,99.05,99.06,98.22,98.58,99.04,98.22,98.06,98.23,98.37,98.51,98.58,98.63,98.56,98.77,98.95,99.13,99.18,99.27,99.36,99.45,97.10,97.26,97.53,97.88,97.50,97.22,96.73,96.14,95.54,95.09,94.71,94.60,95.13,95.56
Niger,99.91,99.91,99.93,99.95,99.95,99.94,99.95,99.94,99.95,99.95,99.95,99.96,99.96,99.98,99.98,99.97,99.96,99.94,99.93,99.92,99.90,99.89,99.88,99.86,99.85,99.89,99.95,99.95,99.98,99.99,99.99,99.99,99.99,99.98,99.98,99.98,99.98,99.98,99.97
Nigeria,99.99,99.99,99.99,99.99,99.99,99.99,99.99,99.99,99.99,99.99,99.99,99.99,99.92,99.84,99.78,99.68,99.69,99.74,99.79,99.83,99.87,99.89,99.94,99.97,99.97,99.97,99.97,99.97,99.97,99.96,99.95,99.94,99.95,99.95,99.96,99.96,99.97,99.97,99.97
North Macedonia,98.98,98.96,99.09,98.94,99.00,98.64,98.74,98.93,98.84,99.99,99.99,99.99,99.99,99.99,99.99,99.99,99.99,99.96,99.77,99.65,98.47,96.61,96.38,94.49,95.51,94.39,90.05,87.75,97.71,98.14,98.13,98.53,98.64,98.44,98.05,98.05,97.45,97.56,97.21
Norway,66.49,65.23,63.10,59.38,47.75,41.50,40.69,41.73,41.27,39.41,36.22,36.05,35.87,35.62,35.25,29.49,27.44,25.80,23.20,20.24,19.34,17.81,16.75,16.79,14.16,14.34,9.94,10.38,9.34,8.83,7.55,7.37,6.56,6.72,6.92,8.36,7.36,7.56,7.43
Other high Income (World Bank),58.85,58.66,57.33,56.51,55.39,53.94,52.05,49.92,48.02,46.39,45.64,45.31,45.57,44.13,43.15,42.13,40.95,40.06,38.66,36.92,35.77,35.12,34.60,33.72,33.19,32.25,30.23,30.97,30.02,29.56,29.96,30.40,30.34,29.79,28.82,27.49,26.97,25.77,24.77
Pakistan,99.99,99.99,99.99,99.99,99.99,99.99,99.99,99.99,99.99,99.99,99.99,99.97,99.97,99.97,99.96,99.95,99.91,99.85,99.81,99.86,99.90,99.91,99.92,99.87,99.80,99.79,99.81,99.82,99.84,99.84,99.81,99.77,99.79,99.71,99.61,99.54,99.57,99.64,99.69
Palestine,99.14,98.96,99.21,99.18,99.27,98.88,99.04,99.19,99.27,98.88,99.21,98.83,98.71,98.32,98.10,98.50,98.06,97.69,97.54,98.06,98.50,98.91,98.53,97.77,97.28,97.19,97.77,97.49,96.57,96.64,96.72,96.11,97.05,97.45,97.56,97.15,97.77,97.95,97.74
Panama,92.03,94.20,93.83,92.79,92.42,92.80,93.99,95.59,94.14,95.53,93.64,92.11,90.93,90.68,90.75,91.20,90.26,91.06,89.92,89.21,91.10,89.75,89.14,88.90,89.14,89.05,88.87,85.92,85.94,85.20,83.02,82.38,81.36,81.42,78.93,76.15,76.18,74.36,73.71
Papua New Guinea,99.93,99.93,99.93,99.93,99.93,99.93,99.93,99.93,99.93,99.94,99.93,99.92,99.88,99.87,99.88,99.88,99.88,99.89,99.93,99.93,99.94,99.94,99.95,99.95,99.95,99.95,99.94,99.96,99.95,99.93,99.94,99.93,99.93,99.91,99.88,99.86,99.86,99.86,99.82
Paraguay,91.73,91.34,92.28,91.62,91.80,92.28,91.34,91.34,92.28,90.26,90.74,90.95,91.23,91.17,91.40,90.54,89.32,90.47,91.76,92.08,91.58,95.22,93.23,94.02,92.84,93.68,93.35,92.55,93.15,91.88,90.63,90.20,88.12,87.36,87.49,88.46,88.71,87.49,86.98
Peru,91.40,92.28,93.35,93.34,93.35,92.01,91.35,93.98,96.58,97.21,97.57,98.16,98.48,98.81,98.59,96.66,96.57,95.59,95.38,97.01,97.14,96.28,95.47,96.75,96.90,96.14,95.38,95.29,94.90,94.78,94.59,93.66,93.59,93.61,93.51,92.86,93.15,92.55,92.60
Philippines,99.48,99.47,99.50,99.53,99.57,99.61,99.66,99.70,99.58,99.43,99.32,99.35,99.39,99.42,99.30,99.15,98.96,99.06,99.15,99.26,99.29,99.31,99.33,99.29,99.25,99.22,99.14,99.10,99.07,99.11,99.09,99.11,99.11,99.12,99.11,99.10,99.11,99.12,99.01
Poland,97.82,98.28,97.98,98.07,97.82,97.00,96.79,93.62,88.05,92.55,94.31,94.49,99.68,99.61,96.50,99.48,97.96,95.48,95.52,95.42,95.61,95.10,92.98,91.92,94.56,93.60,92.48,91.03,90.65,90.07,90.87,91.02,90.81,90.48,89.83,89.05,88.69,89.14,88.22
Portugal,89.27,89.06,89.27,90.17,90.11,89.03,88.09,86.69,85.91,83.91,82.75,81.14,80.57,80.24,80.18,79.13,77.97,76.36,74.34,73.00,72.92,72.52,72.91,71.43,72.24,69.56,69.32,69.70,66.57,68.71,71.89,74.25,73.32,73.02,69.89,69.03,68.09,64.29,62.77
Romania,97.38,96.85,95.86,94.67,94.80,94.35,94.29,94.55,95.94,97.11,99.22,99.99,99.99,99.99,99.25,99.12,99.25,99.34,99.84,99.87,99.81,99.72,99.78,99.81,99.78,99.71,99.54,99.07,99.38,99.57,99.68,99.60,99.60,98.48,97.18,98.28,90.09,85.91,83.21
Russia,89.45,89.46,89.19,89.27,89.10,88.71,88.89,88.67,88.59,89.30,90.41,93.07,94.26,94.55,94.57,94.57,96.45,97.26,98.85,98.50,97.77,97.02,94.50,93.72,91.79,89.81,86.72,84.21,85.54,83.36,82.72,81.45,80.84,81.77,83.96,84.37,84.64,85.04,84.19
Rwanda,99.75,99.75,99.75,99.76,99.76,99.76,99.78,99.78,99.78,99.79,99.79,99.75,99.76,99.95,99.87,99.87,99.84,99.84,99.85,99.84,99.81,99.77,99.76,99.69,99.66,99.62,99.65,99.66,99.68,99.71,99.72,99.70,99.71,99.70,99.72,99.76,99.80,99.78,99.74
Saint Lucia,99.95,99.95,99.94,99.93,99.93,99.90,99.90,99.87,99.84,99.81,99.82,99.79,99.79,99.79,99.78,99.50,98.59,98.52,97.78,98.31,99.72,95.61,98.85,93.12,94.97,88.82,88.12,89.96,89.01,88.09,87.43,86.97,88.22,86.12,88.46,84.25,83.35,82.57,82.44
Samoa,98.69,98.71,98.71,98.71,98.52,98.31,98.31,98.34,98.27,98.40,98.66,98.69,98.40,98.69,98.34,98.08,98.08,97.97,97.89,97.51,97.14,96.93,96.87,96.73,96.52,96.50,96.30,96.29,96.60,96.69,96.66,96.88,97.02,97.07,96.83,96.47,96.42,96.69,96.39
Sao Tome and Principe,99.99,99.99,99.99,99.99,99.99,99.99,99.99,99.99,99.99,99.99,99.99,99.99,99.99,99.99,99.99,99.99,99.99,99.99,99.99,99.99,99.99,99.99,99.99,99.99,99.99,99.99,99.99,99.99,99.99,99.99,99.89,99.77,99.59,99.42,99.24,99.08,98.89,98.88,98.89
Senegal,99.72,99.69,99.74,99.74,99.74,99.74,99.72,99.74,99.74,99.75,99.76,99.80,99.84,99.89,99.89,99.89,99.88,99.87,99.86,99.83,99.82,99.85,99.87,99.90,99.93,99.95,99.94,99.93,99.93,99.92,99.91,99.91,99.91,99.89,99.86,99.86,99.86,99.86,99.85
Serbia,81.01,80.69,81.91,81.06,81.18,79.78,80.57,81.43,80.63,85.45,89.10,95.70,98.40,98.16,96.93,96.66,96.07,95.75,96.90,96.19,96.00,94.69,95.67,96.02,94.80,97.31,97.18,97.60,97.62,97.81,97.48,94.67,97.83,96.43,96.43,95.80,96.32,94.43,93.77
Seychelles,96.36,96.60,96.60,96.33,95.78,95.78,95.78,95.39,94.51,93.69,93.63,92.84,92.11,92.84,93.30,92.84,90.29,88.57,88.81,88.48,89.78,90.64,91.92,92.78,91.56,90.33,88.24,89.61,89.82,89.63,87.77,87.73,86.56,86.15,85.90,85.25,84.61,84.35,82.67
Sierra Leone,99.92,99.92,99.93,99.92,99.94,99.94,99.93,99.95,99.95,99.95,99.95,99.98,99.98,99.98,99.99,99.99,99.99,99.99,99.99,99.99,99.99,99.99,99.99,99.99,99.99,99.99,99.99,99.99,99.99,99.99,99.99,99.99,99.96,99.94,99.96,99.95,99.93,99.92,99.91
Slovakia,,,,,95.00,94.00,93.50,93.00,92.75,93.75,97.00,97.75,97.37,96.74,96.36,95.75,95.77,95.57,95.62,95.63,95.47,95.26,95.24,96.23,94.54,92.49,92.44,92.47,94.69,79.37,76.19,81.50,80.51,81.60,80.95,80.04,75.63,71.66,69.97
Slovenia,44.43,46.41,46.84,45.83,45.76,43.48,44.82,52.74,55.90,71.78,83.88,84.91,85.90,84.82,81.74,80.50,78.75,78.57,78.99,76.47,75.40,74.23,75.09,59.49,56.16,53.46,48.05,44.62,45.06,44.48,45.18,49.62,50.61,48.16,47.17,43.81,41.12,36.49,33.13
Solomon Islands,99.60,99.65,99.65,99.68,99.75,99.77,99.74,99.75,99.74,99.74,99.72,99.60,99.60,99.57,99.45,99.49,99.52,99.55,99.60,99.77,99.78,99.83,99.82,99.78,99.78,99.79,99.81,99.80,99.82,99.78,99.78,99.81,99.83,99.83,99.83,99.83,99.83,99.81,99.83
Somalia,,,,,,,,,,,,,,,,,,,,,,,,,,,,,,,99.99,99.99,99.99,99.99,99.99,99.99,99.99,99.99,99.99
South Africa,93.98,94.27,94.67,94.48,94.80,95.00,95.03,94.88,94.88,95.10,95.37,95.72,95.81,96.18,96.54,96.81,96.87,97.05,97.10,97.05,96.95,96.14,95.47,94.24,92.93,91.63,91.19,90.56,90.57,89.92,89.99,90.14,90.33,90.54,90.77,90.83,90.83,90.93,91.04
South Asia,99.99,99.99,99.99,99.99,99.98,99.97,99.96,99.95,99.95,99.95,99.95,99.95,99.95,99.94,99.94,99.93,,,,,,99.89,99.88,99.87,99.85,99.85,99.84,99.84,99.85,99.82,99.75,99.73,99.71,99.68,,,,,
South Korea,99.00,99.00,98.50,98.25,97.49,96.75,95.73,94.24,92.49,90.25,87.50,85.24,82.99,78.73,73.50,68.99,66.74,75.73,68.75,63.00,59.75,53.74,54.50,54.50,51.24,47.74,46.36,46.50,47.49,45.50,42.37,40.75,38.74,36.49,35.99,34.75,33.25,31.46,30.50
South Sudan,,,,,,,,,,,,,,,,,,,,,,,,,,,,99.92,99.92,99.89,99.92,99.98,99.97,99.97,99.97,99.97,99.97,99.97,99.97
Spain,89.23,89.23,89.23,89.50,88.98,87.95,85.79,84.04,81.55,79.75,70.80,73.30,73.35,71.44,67.48,65.97,64.02,60.43,56.89,52.97,52.49,52.71,53.67,54.42,51.37,51.83,41.05,39.77,40.24,44.14,46.21,48.85,50.97,50.57,48.63,45.92,45.02,44.66,44.31
Sri Lanka,99.99,99.99,99.99,99.96,99.92,99.90,99.85,99.82,99.76,99.75,99.72,99.73,99.71,99.69,99.65,99.67,99.58,99.49,99.38,99.32,99.27,99.11,98.99,98.95,98.98,98.86,98.89,98.95,99.03,98.96,98.70,98.58,98.33,98.21,97.97,97.69,97.56,97.41,97.30
Sub-Saharan Africa,,,,,,,,,,99.42,99.45,99.51,99.53,99.53,99.53,99.52,99.53,99.55,99.57,99.59,99.59,99.55,99.53,99.46,99.38,99.30,99.27,99.25,99.26,99.22,99.23,99.23,99.24,99.25,99.27,99.28,99.27,99.28,
Sudan,99.99,99.98,99.99,99.99,99.99,99.99,99.99,99.99,99.99,99.99,99.99,99.99,99.99,99.99,99.98,99.98,99.96,99.96,99.96,99.95,99.95,99.95,99.95,99.95,99.95,99.94,99.91,99.89,99.89,99.88,99.81,99.75,99.71,99.71,99.66,99.63,99.59,99.68,99.76
Suriname,95.49,95.86,96.27,96.54,96.27,96.54,97.31,96.96,96.64,97.22,97.22,97.31,97.69,97.68,97.69,97.69,97.59,97.59,97.68,97.59,97.59,97.31,96.96,96.27,95.86,95.49,94.82,94.81,94.30,94.13,92.82,92.65,92.28,92.55,94.04,94.40,94.30,94.30,
Suriname (Urban),92.86,93.45,94.16,94.45,94.16,94.45,95.69,95.04,94.63,95.51,95.51,95.69,96.22,96.16,96.22,96.22,95.99,95.99,96.16,95.99,95.99,95.69,95.04,94.16,93.45,92.86,92.09,92.03,91.26,91.03,89.26,89.02,88.55,88.84,90.79,91.44,91.26,91.26,91.26
Sweden,59.48,59.33,62.41,60.25,59.50,57.33,55.49,50.00,46.22,44.24,41.50,40.50,44.58,44.16,44.50,44.10,42.69,41.40,39.19,35.75,35.72,34.27,33.49,33.13,31.46,27.46,23.31,22.20,21.73,21.00,20.04,18.75,19.02,17.38,16.46,17.04,15.96,16.62,16.45
Switzerland,15.74,15.74,16.10,16.00,15.77,15.22,14.73,14.73,14.61,15.04,15.39,16.24,17.42,17.62,17.89,18.11,17.66,17.05,16.48,16.20,14.99,14.24,15.24,15.29,15.59,15.78,15.18,14.52,13.42,13.37,12.08,10.57,11.83,11.56,11.85,11.70,11.53,12.51,12.46
Syria,99.35,99.36,99.41,99.56,99.51,99.59,99.60,99.53,99.61,99.56,99.47,99.29,99.21,99.15,99.08,99.07,99.10,98.80,98.78,98.59,98.36,98.02,98.10,97.77,97.62,97.50,97.35,97.19,96.90,96.73,97.13,98.31,98.87,99.29,99.52,99.67,99.79,99.86,99.86
Taiwan,92.25,91.60,89.95,87.95,86.90,83.75,75.34,68.89,61.60,57.35,50.50,46.75,44.00,41.06,38.75,36.62,34.50,33.66,31.91,30.50,34.85,31.20,31.55,31.70,32.00,34.62,36.00,39.33,44.66,41.75,40.83,40.41,39.99,36.41,35.16,33.49,31.25,29.49,27.75
Tajikistan,99.42,99.54,99.42,99.57,99.57,99.57,99.70,99.39,99.70,99.72,99.87,99.91,99.98,99.99,99.98,99.99,99.99,99.98,99.99,99.98,99.99,99.99,99.99,99.91,99.84,99.75,99.65,99.67,99.75,99.73,99.72,99.66,99.53,99.50,99.43,99.32,99.27,99.14,98.96
Tanzania,99.99,99.99,99.99,99.99,99.99,99.99,99.99,99.99,99.99,99.99,99.99,99.99,99.99,99.99,99.99,99.99,99.99,99.99,99.99,99.99,99.99,99.99,99.99,99.98,99.97,99.96,99.94,99.94,99.94,99.93,99.92,99.92,99.91,99.89,99.87,99.86,99.85,99.83,99.83
Thailand,98.79,98.79,98.77,98.77,98.77,98.77,98.75,98.72,98.56,98.26,97.87,97.03,97.22,97.43,97.13,97.04,97.11,97.19,97.06,97.56,97.12,96.73,96.22,95.63,94.91,94.32,94.73,94.05,93.79,93.12,93.76,91.83,91.70,91.91,91.48,90.99,90.75,90.76,91.38
Timor,,,,,,,,,,,,,,,,,,,,99.99,99.99,99.99,99.98,99.98,99.98,99.99,99.98,99.99,99.98,99.98,99.98,99.98,99.98,99.97,99.98,99.97,99.97,99.97,99.97
Togo,99.92,99.93,99.95,99.94,99.93,99.94,99.95,99.93,99.93,99.95,99.95,99.97,99.99,99.99,99.99,99.96,99.93,99.95,99.95,99.96,99.97,99.96,99.95,99.96,99.99,99.99,99.98,99.97,99.95,99.93,99.91,99.93,99.92,99.93,99.94,99.94,99.94,99.94,99.94
Tonga,99.31,99.19,99.18,99.08,98.86,98.77,98.61,98.77,98.77,98.85,98.54,98.54,98.29,98.15,97.64,97.56,97.48,97.34,97.29,97.27,97.09,96.75,96.57,96.88,96.95,97.03,97.11,96.83,97.28,97.22,97.00,96.94,96.85,96.77,96.71,95.93,95.79,95.89,95.89
Trinidad and Tobago,79.72,78.95,83.23,85.46,86.97,88.09,89.40,90.43,92.55,94.25,95.85,97.13,97.23,96.98,96.68,96.01,95.14,93.99,92.62,91.25,89.56,88.41,84.16,81.43,79.28,74.14,72.17,70.77,73.17,71.87,72.30,72.01,71.26,72.01,71.42,74.73,75.98,76.28,76.44
Tunisia,98.98,98.99,98.96,98.89,98.91,98.99,99.06,99.13,99.26,99.20,99.19,99.06,98.99,98.92,98.85,98.76,98.66,98.54,98.38,98.26,98.27,98.32,98.35,98.40,98.46,98.38,98.24,98.19,98.08,97.97,97.98,97.86,97.53,97.19,97.30,97.35,97.29,97.12,97.13
Turkey,98.31,98.26,98.15,97.97,97.87,97.64,97.23,97.31,97.51,96.89,96.92,96.85,96.41,96.98,96.78,96.41,95.72,95.81,95.98,95.76,96.41,96.29,96.36,94.87,93.78,93.96,93.37,92.08,91.64,91.62,88.99,88.15,87.27,86.12,86.49,84.48,84.22,84.03,83.22
Turkmenistan,99.67,99.69,99.69,99.70,99.70,99.70,99.70,99.66,99.70,99.51,99.57,99.70,99.70,99.78,99.84,99.79,99.87,99.85,99.78,99.74,99.72,99.72,99.72,99.70,99.70,99.62,99.57,99.46,99.43,99.41,99.12,98.71,98.20,97.77,97.55,97.36,97.12,96.81,95.98
Tuvalu,,,,,,,,,,99.14,98.95,98.77,98.49,98.39,98.46,98.77,98.46,98.19,98.19,98.19,98.19,98.05,98.19,98.19,98.39,98.39,98.19,98.05,98.19,98.35,98.05,98.19,98.19,98.19,98.05,98.05,97.39,96.94,96.69
Uganda,99.99,99.99,99.99,99.99,99.99,99.99,99.99,99.99,99.99,99.97,99.93,99.90,99.87,99.91,99.92,99.96,99.97,99.95,99.95,99.94,99.91,99.86,99.84,99.85,99.86,99.85,99.79,99.73,99.59,99.63,99.69,99.78,99.82,99.81,99.80,99.80,99.80,99.80,99.77
Ukraine,99.57,99.54,99.47,99.34,99.42,99.42,99.34,99.23,99.18,99.34,99.59,99.68,99.67,99.01,98.35,99.32,99.40,99.48,99.90,99.64,99.68,99.75,99.48,99.31,98.75,98.09,98.85,97.97,98.81,98.37,98.24,97.88,97.15,98.04,98.21,98.38,97.33,96.64,95.07
United Arab Emirates,0.00,0.00,0.60,0.72,1.70,4.50,4.86,6.20,5.29,3.70,4.38,4.75,5.42,5.23,5.02,4.93,4.52,5.24,5.62,4.89,0.00,0.00,0.00,0.00,0.47,0.49,0.85,1.13,7.17,15.89,14.35,18.12,16.82,12.15,14.89,11.54,6.31,2.30,0.84
United Kingdom,77.96,76.25,75.10,74.49,73.28,71.00,66.70,60.24,60.09,59.29,60.73,60.49,58.99,57.75,60.00,57.75,55.12,53.06,50.74,43.50,40.50,39.25,38.50,38.27,36.81,33.51,31.73,35.08,36.21,37.12,36.31,36.55,35.46,34.99,34.56,30.86,30.86,30.39,30.16
United States,33.54,34.43,31.75,31.50,31.00,30.75,30.65,30.30,29.20,29.40,30.50,31.00,32.00,30.50,29.75,29.75,28.50,26.50,26.00,25.00,25.50,25.50,25.25,24.50,24.50,24.25,24.00,25.25,24.50,25.50,26.00,26.00,26.00,26.00,24.25,22.50,22.50,20.50,20.00
Uruguay,84.97,88.10,91.04,91.39,91.03,89.07,85.15,85.49,85.44,86.93,85.50,81.33,80.79,77.72,80.16,81.09,81.32,78.57,78.98,80.02,79.60,83.30,88.09,87.89,86.99,86.20,84.06,81.32,79.05,78.72,75.48,74.43,73.37,70.59,69.85,71.01,69.37,69.90,70.72
Uzbekistan,99.64,99.63,99.61,99.69,99.70,99.72,99.75,99.71,99.71,99.72,99.72,99.79,99.83,99.86,99.86,99.86,99.86,99.86,99.91,99.96,99.97,99.97,99.97,99.97,99.95,99.94,99.93,99.92,99.91,99.91,99.90,99.90,99.88,99.86,99.84,99.81,99.81,99.79,99.78
Vanuatu,99.66,99.68,99.66,99.63,99.63,99.64,99.72,99.75,99.75,99.65,99.64,99.65,99.68,99.64,99.64,99.64,99.63,99.63,99.64,99.61,99.64,99.75,99.72,99.51,99.51,99.50,99.53,99.53,99.53,99.53,99.51,99.51,99.51,99.50,99.63,99.63,99.60,99.59,99.57
Venezuela,88.94,88.78,89.59,90.37,90.51,90.40,90.14,91.29,94.23,94.88,94.96,95.11,95.53,96.66,96.77,96.77,96.32,95.90,96.78,96.71,96.54,97.78,98.68,98.14,96.86,95.46,93.73,93.04,93.65,94.14,93.82,93.04,92.52,93.25,,,,,
Vietnam,99.99,99.99,99.99,99.99,99.99,99.99,99.99,99.99,99.99,99.99,99.99,99.99,99.99,99.98,99.97,99.97,99.96,99.94,99.94,99.95,99.95,99.96,99.96,99.97,99.91,99.91,99.89,99.86,99.57,98.35,98.54,98.73,98.75,98.65,98.25,97.97,97.42,96.79,96.36
World,91.07,91.13,91.00,90.90,90.77,90.38,90.22,89.95,89.67,89.63,89.72,89.87,90.00,89.78,89.62,89.54,89.42,89.31,89.24,88.95,88.77,88.67,88.52,88.33,88.12,87.82,87.34,87.33,87.22,87.00,86.97,86.88,86.75,86.60,86.41,86.05,85.73,,
Yemen,99.73,99.74,99.72,99.72,99.74,99.76,99.74,99.73,99.73,99.78,99.76,99.73,99.74,99.73,99.72,99.71,99.68,99.65,99.65,99.61,99.60,99.60,99.60,99.61,99.59,99.60,99.60,99.61,99.61,99.59,99.71,99.71,99.68,99.73,99.90,99.93,99.94,99.95,99.95
Zambia,99.34,99.42,99.52,99.57,99.58,99.60,99.61,99.58,99.62,99.64,99.64,99.82,99.88,99.87,99.76,99.62,99.55,99.52,99.57,99.64,99.71,99.78,99.80,99.70,99.65,99.69,99.70,99.68,99.68,99.66,99.63,99.57,99.56,99.53,99.52,99.52,99.51,99.50,99.52
Zimbabwe,98.55,98.58,98.65,98.82,98.73,98.77,98.84,98.72,98.66,98.53,98.42,98.79,98.81,98.59,98.63,98.32,98.26,98.17,98.23,98.37,98.33,98.66,99.16,99.28,99.39,99.46,99.53,99.76,99.65,99.43,99.22,99.02,99.13,99.23,99.35,99.47,99.52,99.17,99.05